id,name,email,gender,status
5782517,Sharda Dhawan,dhawan_sharda@schiller.example,female,inactive
5782516,Ashlesh Guneta Ret.,ashlesh_ret_guneta@schuppe.test,male,inactive
5782515,Bishnu Dubashi,bishnu_dubashi@funk.test,female,inactive
5782514,Amb. Chitramala Menon,amb_chitramala_menon@larkin.test,male,active
5782513,Chidaakaash Bhattacharya,chidaakaash_bhattacharya@stark.example,male,active
5782512,Kanak Kaur,kaur_kanak@toy-connelly.test,male,inactive
5782511,Deeptimayee Pillai,deeptimayee_pillai@paucek.test,male,inactive
5782510,Atmanand Khanna MD,atmanand_khanna_md@streich.test,female,active
5782509,Aanand Gandhi,aanand_gandhi@muller-willms.test,female,inactive
5782508,Gobinda Trivedi JD,jd_trivedi_gobinda@kris.test,male,inactive
